<?xml version="1.0" encoding="UTF-8"?>
<!DOCTYPE mapper PUBLIC "-//mybatis.org//DTD Mapper 3.0//EN" "http://mybatis.org/dtd/mybatis-3-mapper.dtd">
<mapper namespace="com.fina.summer.persistent.mapper.business.ChargePlanMapper">


    <select id="getChargePlanByStoreIdAndCodeAndGroup" parameterType="Map"
            resultType="com.fina.summer.persistent.bean.ChargePlan">
        SELECT *
        FROM
        (
        SELECT DISTINCT
        store_id,
        admin_code,
        charge_plan_group_id,
        charge_plan_id
        FROM
        store_area_plan_goods
        WHERE
        (store_id = #{storeId} OR store_id = '*')
        AND (admin_code = #{areaCode} OR admin_code = #{cityCode} OR admin_code = #{provinceCode})
        AND charge_plan_group_id = #{groupId}
        ) t,
        charge_plan cp
        WHERE
        t.charge_plan_id = cp.id
        order by cp.fee_per_month
        ;

    </select>

    <select id="getChargePlanGroupByStoreAndCode" parameterType="Map"
            resultType="com.fina.summer.persistent.bean.ChargePlanGroup">
        SELECT *
        FROM
            (
                SELECT DISTINCT
                    store_id,
                    admin_code,
                    charge_plan_group_id
                FROM
                    store_area_plan_goods
                WHERE
                    (store_id = #{storeId} OR store_id = '*')
                    AND (admin_code = #{areaCode} OR admin_code = #{cityCode} OR admin_code = #{provinceCode})
            ) t,
            charge_plan_group cp
        WHERE
            t.charge_plan_group_id = cp.id;

    </select>

    <select id="getBrandByStoreAndCodeAndPlan" parameterType="Map" resultType="com.fina.summer.persistent.bean.Brand">
        SELECT
        *
        FROM
            (
                SELECT DISTINCT
                    store_id,
                    admin_code,
                    charge_plan_group_id,
                    charge_plan_id,
                    brand_id
                FROM
                    store_area_plan_goods
                WHERE
                    (store_id = #{storeId} OR store_id = '*')
                    AND (admin_code = #{areaCode} OR admin_code = #{cityCode} OR admin_code = #{provinceCode})
                    AND charge_plan_id = #{planId}
            ) t,
            brand b
        WHERE
            t.brand_id = b.id
            AND b.id in (
                select g.brand_id from goods g,store_area_plan_goods sa
                where
                (store_id = #{storeId} OR store_id = '*')
                AND (admin_code = #{areaCode} OR admin_code = #{cityCode} OR admin_code = #{provinceCode})
                AND charge_plan_id = #{planId}
                and sa.goods_id = g.id
                <if test="goodsType != null and goodsType != ''">
                    and g.type = #{goodsType}
                </if>
            )
        ;
    </select>

    <select id="getGoodsByStoreAndCodeAndPlanAndBrand" parameterType="Map"
            resultType="com.fina.summer.persistent.bean.Goods">
        SELECT *
        FROM
            (
                SELECT DISTINCT
                    store_id,
                    admin_code,
                    charge_plan_group_id,
                    charge_plan_id,
                    brand_id,
                    goods_id
                FROM
                    store_area_plan_goods
                WHERE
                    (store_id = #{storeId} OR store_id = '*')
                    AND (admin_code = #{areaCode} OR admin_code = #{cityCode} OR admin_code = #{provinceCode})
                    AND charge_plan_id = #{planId} AND brand_id = #{brandId}
            ) t,
            goods g
        WHERE
            goods_id = g.id
            <if test="goodsType != null and goodsType != ''">
                and g.type = #{goodsType}
            </if>
            ;
    </select>
</mapper>