<?xml version="1.0" encoding="UTF-8"?>
<!DOCTYPE mapper PUBLIC "-//mybatis.org//DTD Mapper 3.0//EN" "http://mybatis.org/dtd/mybatis-3-mapper.dtd">
<mapper namespace="com.fina.summer.persistent.mapper.business.CommonMapper">

    <resultMap id="order" type="com.fina.summer.persistent.entity.summer.LoanOrder">
        <id property="id" column="id"/>
        <id property="status" column="status"/>
        <id property="completeFlag" column="complete_flag"/>
        <id property="orderTime" column="order_time"/>
        <id property="createdTime" column="created_time"/>
        <id property="updatedTime" column="updated_time"/>
        <id property="telecomAgreementNo" column="telecom_agreement_no"/>
        <id property="telecomAgreementPic" column="telecom_agreement_pic"/>
        <id property="areaCode" column="area_code"/>
        <association property="orderApplicant" javaType="com.fina.summer.persistent.entity.summer.LoanOrderApplicant">
            <id property="id" column="id"/>
            <id property="idno" column="idno"/>
            <id property="mobile" column="mobile"/>
            <id property="realname" column="realname"/>
        </association>
    </resultMap>

    <select id="findAllOrdersDynamic" resultMap="order">
        SELECT
        o.*,
        oa.*
        FROM
        loan_order o , loan_order_applicant oa
        WHERE
        o.order_applicant_id = oa.id
        <if test="mobile != null and mobile != ''">
            AND oa.mobile like '%${mobile}%'
        </if>
        <if test="name != null and name != ''">
            AND oa.realname like '%${name}%'
        </if>
        <if test="orderId != null and orderId != ''">
            AND o.id like '%${orderId}%'
        </if>
        <if test="query != null and query !=''">
            AND (oa.mobile like '%${query}%' or oa.realname like '%${query}%' or o.id like '%${query}%')
        </if>
        <if test="startTime != null">
            AND o.order_time >= #{startTime}
        </if>
        <if test="endTime != null">
            AND o.order_time <![CDATA[ <= ]]> #{endTime}
        </if>
        <if test="sellerId != null and sellerId !=''">
            AND o.seller_id = #{sellerId}
        </if>
        <if test="sellerUserId != null and sellerUserId !=''">
            AND o.seller_user_id = #{sellerUserId}
        </if>
        <if test="merId != null and merId !=''">
            AND o.mer_id = #{merId}
        </if>

        order by o.order_time desc
        <if test="size !=0">
            limit #{skip},#{size}
        </if>
    </select>

    <select id="findDetalById" parameterType="String" resultType="com.fina.summer.persistent.entity.summer.LoanOrder">
        SELECT
            p.`NAME` AS goods_name,
            s.`realname` AS seller_name,
            s.mobile as seller_mobile,
            j.operator_code as seller_operator_code,
            st.store_name AS store_name,
            o.*,
            c.common_rebate,
            c.first_rebate,
            c.fee_per_month,
            c.need_payment as chargeNeedPayment,
            c.NAME AS charge_plan_name,
            cg.NAME AS charge_plan_group_name
        FROM
            loan_order AS o
            LEFT JOIN goods AS p ON p.id = o.goods_id
            LEFT JOIN user_info AS s ON s.id = o.seller_id
            left join user_job as j on j.user_id = o.seller_user_id
            LEFT JOIN store AS st ON st.id = o.store_id
            LEFT JOIN charge_plan AS c ON c.id = o.charge_plan_id
            LEFT JOIN charge_plan_group AS cg ON cg.id = c.group_id
        WHERE
            o.id = #{orderId}
    </select>

    <select id="createdJob">
        delete from user_job;
        insert into user_job (user_id,store_id,mer_id,store_name,operator_code)
          select ui.user_id,st.id as store_id,mer_id,store_name,operator_code
          from user u,user_info ui ,store st
          where u.id = ui.user_id and st.id = u.store_id;
        update user_job set job_status = 'Active';
    </select>

    <delete id="deleteData">
        delete from  merchant;
        delete from  store;
        delete from  user;
        delete from  user_info;
        delete from  user_bind;
        delete from  user_role;
        delete from payee where institution_type != 'DEBIT';
    </delete>

    <insert id="userContacts" >
--         insert into user_contacts(user_id,contact_name) values ('123','123');
  delete from table user_contacts;
    </insert>

    <select id="getNodeCode" parameterType="String" resultType="String">
        select node from node where node = #{organizationCode}
    </select>
</mapper>