<?xml version="1.0" encoding="UTF-8"?>
<!DOCTYPE mapper PUBLIC "-//mybatis.org//DTD Mapper 3.0//EN" "http://mybatis.org/dtd/mybatis-3-mapper.dtd">
<mapper namespace="com.fina.summer.persistent.ceres.mapper.BillOutMapper">


    <select id="findOutFlowByTaskId" resultType="com.fina.summer.persistent.ceres.entity.domain.BillOutFlowDO">
        select
        id,
        amount,
        create_by,
        create_time,
        execute_time,
        message,
        modify_by,
        modify_time,
        pay_account,
        pay_bank,
        pay_type,
        payee,
        payee_account,
        payee_open_institution,
        payer,
        payment_voucher,
        penalty,
        request_no,
        status,
        task_id,
        third_order_id,
        trade_id
        from bill_out_flow
        where task_id = #{taskId}
    </select>

    <select id="findOutTaskById" resultType="com.fina.summer.persistent.ceres.entity.domain.BillOutTaskDO">
        select
        id,
        bis_task_id,
        create_by,
        create_time,
        finish_time,
        last_execute_time,
        message,
        modify_by,
        modify_time,
        next_execute_time,
        overdue_days,
        pay_account,
        pay_bank,
        pay_type,
        payee,
        payee_account,
        payee_open_institution,
        payer,
        penalty,
        plan_execute_time,
        request_no,
        seq_no,
        should_amount,
        status,
        task_type,
        third_order_id,
        total_amount,
        trade_id
        from bill_out_task
        where id = #{id}
    </select>



    <update id="batchUpdateTask" parameterType="com.fina.summer.persistent.ceres.entity.domain.BillOutTaskDO">
        update bill_out_task
        <trim prefix="set" suffixOverrides=",">
            <trim prefix="payer = case" suffix="end,">
                <foreach collection="list" item="i" index="index">
                    <if test="!''.equals(i.payer)">
                        when id=#{i.id} then #{i.payer}
                    </if>
                </foreach>
            </trim>
            <trim prefix="pay_account = case" suffix="end,">
                <foreach collection="list" item="i" index="index">
                    <if test="!''.equals(i.payAccount)">
                        when id=#{i.id} then #{i.payAccount}
                    </if>
                </foreach>
            </trim>

            <trim prefix="pay_bank = case" suffix="end," >
                <foreach collection="list" item="i" index="index">
                    <if test="!''.equals(i.payBank)">
                        when id=#{i.id} then #{i.payBank}
                    </if>
                </foreach>
            </trim>
            <trim prefix="status = case" suffix="end," >
                <foreach collection="list" item="i" index="index">
                    <if test="i.status != null">
                        when id=#{i.id} then #{i.status.toString()}
                    </if>
                </foreach>
            </trim>
            <trim prefix="finish_time = case" suffix="end" >
                <foreach collection="list" item="i" index="index">
                    <if test="i.finishTime != null">
                        when id=#{i.id} then #{i.finishTime}
                    </if>
                </foreach>
            </trim>
            <trim prefix="modify_by = case" suffix="end" >
                <foreach collection="list" item="i" index="index">
                    <if test="!''.equals(i.modifyBy)">
                        when id=#{i.id} then #{i.modifyBy}
                    </if>
                </foreach>
            </trim>
            <trim prefix="modify_time = case" suffix="end" >
                <foreach collection="list" item="i" index="index">
                    <if test="i.modifyTime != null">
                        when id=#{i.id} then #{i.modifyTime}
                    </if>
                </foreach>
            </trim>
        </trim>
        where
        id in
        <foreach collection="list" item="i" separator="," open="(" close=")">
            #{i.id}
        </foreach>
    </update>



    <select id="findByTaskIdDesc" resultType="com.fina.summer.persistent.ceres.entity.domain.BillOutFlowsPO">
      SELECT * from bill_out_flows where task_id =#{outTaskId} and status!="Success" ORDER BY updated_time desc LIMIT 1
    </select>
</mapper>