<?xml version="1.0" encoding="UTF-8"?>
<!DOCTYPE mapper PUBLIC "-//mybatis.org//DTD Mapper 3.0//EN" "http://mybatis.org/dtd/mybatis-3-mapper.dtd">
<mapper namespace="com.fina.summer.persistent.ceres.mapper.BillInMapper">

    <sql id="database_summer">summer</sql>

    <select id="findAllBy" resultType="com.fina.summer.persistent.ceres.entity.vo.BillInVO">
        select
        t.id as taskId,
        t.bis_task_id as bisTaskId,
        t.plan_execute_time as planExecuteTime,
        t.payer as payer,
        t.seq_no as seqNo,
        t.total_amount as totalAmount,
        t.overdue_days as overdueDays,
        t.penalty as penalty,
        p.merName,
        p.fund_channel as fundChannel,
        p.order_id as orderId,
        t.status as status,
        p.period_times as periodTimes,
        p.should_amount as planTotalShouldAmount,
        p.left_period as leftPeriod,
        p.left_amount as leftAmount
        from bill_in_task t
        left join (
        select
        p.id,
        p.fund_channel,
        p.order_id,
        p.period_times,
        p.should_amount,
        p.left_period,
        p.left_amount,
        m.mer_name as merName
        from total_repay_plan p
        left join <include refid="database_summer"></include>.merchant m on m.id = p.mer_id
        ) p on p.id = t.bis_task_id
        where (t.plan_execute_time &lt; CONCAT(#{query.planExecuteTime}, ' 00:00:00') or t.plan_execute_time like CONCAT(#{query.planExecuteTime}, '%'))
        and t.`status` != 'Success'
        and t.`status` != 'Cancel'
        <if test="query.seqNo != null and query.seqNo != ''">
            and t.seq_no = #{query.seqNo}
        </if>
        <if test="query.overdueDays != null">
            and t.overdue_days = #{query.overdueDays}
        </if>
        <if test="query.payer != null and query.payer != ''">
            and t.payer like CONCAT('%', #{query.payer}, '%')
        </if>
        order by t.plan_execute_time asc
    </select>

    <select id="findAllFlowByBisTaskIdAndSeqNo" resultType="com.fina.summer.persistent.ceres.entity.domain.BillInFlowDO">
        select
        f.id,
        f.amount,
        f.create_by,
        f.create_time,
        f.execute_time,
        f.message,
        f.modify_by,
        f.modify_time,
        f.pay_account,
        f.pay_type,
        f.payer,
        f.payer_idno,
        f.penalty,
        f.request_no,
        f.status,
        f.task_id,
        f.third_order_id,
        f.trade_id
        from bill_in_flow f
        left join bill_in_task t on t.id = f.task_id
        where t.bis_task_id = #{bisTaskId} and t.seq_no = #{seqNo}
    </select>

    <select id="findLatelyFLow" resultType="com.fina.summer.persistent.ceres.entity.domain.BillInFlowDO">
        select
        f.id,
        f.amount,
        f.create_by,
        f.create_time,
        f.execute_time,
        f.message,
        f.modify_by,
        f.modify_time,
        f.pay_account,
        f.pay_type,
        f.payer,
        f.payer_idno,
        f.penalty,
        f.request_no,
        f.status,
        f.task_id,
        f.third_order_id,
        f.trade_id
        from bill_in_flow f
        left join bill_in_task t on t.id = f.task_id
        where t.bis_task_id = #{bisTaskId}
        and f.status = 'Success'
        order by t.seq_no desc
        limit 1
    </select>

    <select id="findByBisTaskId" resultType="com.fina.summer.persistent.ceres.entity.domain.BillInTasksPO">
        select
          t.*
        from bill_in_tasks t
        left join bill_repay_plan p on p.id = t.bis_task_id
        <where>
            <if test="query.name != null and query.name != ''">
                t.payer= #{query.name}
            </if>
            and t.type = "User"
            <if test="query.account != null and query.account != ''">
                AND t.pay_account= #{query.account}
            </if>
            <if test="query.orderId != null and query.orderId != ''">
                AND t.order_id= #{query.orderId}
            </if>
            order by t.seq_no asc
            <if test="query.pageSize != '' and query.pageSize != null">
                LIMIT #{query.pageNo},#{query.pageSize}
            </if>
        </where>
    </select>

    <select id="findByCount" resultType="Integer">
        select
          count(*)
        from bill_in_tasks t
        left join bill_repay_plan p on p.id = t.bis_task_id
        <where>
            <if test="query.name != null and query.name != ''">
                t.payer= #{query.name}
            </if>
            and t.type = "User"
            <if test="query.account != null and query.account != ''">
                AND t.pay_account= #{query.account}
            </if>
            <if test="query.orderId != null and query.orderId != ''">
                AND t.order_id= #{query.orderId}
            </if>
        </where>
    </select>
</mapper>