<?xml version="1.0" encoding="UTF-8"?>
<!DOCTYPE mapper PUBLIC "-//mybatis.org//DTD Mapper 3.0//EN" "http://mybatis.org/dtd/mybatis-3-mapper.dtd">
<mapper namespace="com.fina.summer.persistent.ceres.mapper.BillInTasksMapper">

    <select id="findBy" resultType="com.fina.summer.persistent.ceres.entity.vo.ReceivableVO">
        select
        t.id,
        t.bis_task_id,
        t.payer,
        t.seq_no,
        t.should_amount,
        t.total_amount,
        t.overdue_days,
        t.finish_time,
        t.plan_execute_time,
        t.last_execute_time,
        t.status,
        <!--申请核准状态-->
        t.check_status,
        <!--还款人身份证号码-->
        t.payer_idno as payerIdno,
        <!--还款人储蓄卡卡号-->
        t.pay_account as payAccount
        from bill_in_tasks t
        where t.status != 'Cancel'
        and t.type = 'User'
        and t.audit = '0'
        and t.plan_execute_time between concat(#{query.startTime}, ' 00:00:00') and concat(#{query.endTime}, ' 23:59:59')
        <if test="query.status != null and query.status != ''">and t.status = #{query.status}</if>
        order by t.plan_execute_time asc
    </select>

    <select id="findAreasBy" resultType="com.fina.summer.persistent.ceres.entity.vo.ReceivableVO">
        select
        t.id,
        t.order_id
        from bill_in_tasks t
        where t.status != 'Cancel'
        and t.type = 'User'
        and t.audit = '0'
        and t.plan_execute_time between concat(#{query.startTime}, ' 00:00:00') and concat(#{query.endTime}, ' 23:59:59')
        <if test="query.status != null and query.status != ''">and t.status = #{query.status}</if>
    </select>
    <select id="refundReviewSearch" resultType="com.fina.summer.persistent.bean.loan.ChargeBack">
        SELECT
            total_amount 'amount',
            updated_time ,
            pay_type,
            pay_account,
            id
        FROM
            bill_in_tasks
        WHERE
             order_id = #{orderId} and type = #{type}
    </select>
    <!--<update id="refundReviewRevise" parameterType="String">
        UPDATE bill_in_tasks
        SET audit = '2',
         STATUS = 'Success',
         updated_time=NOW()
        WHERE
            order_id = #{orderId} and bill_in_tasks.type= #{type}
    </update>
    </update>-->
    <select id="findReductListByItem" resultType="com.fina.summer.persistent.ceres.entity.domain.BillInTasksPO">
        SELECT
        id
        FROM
        bill_in_tasks
        WHERE
        status in ('Ready','Error')
        and type = #{type}
        and plan_execute_time between #{startDate} and #{endDate}
    </select>
    <select id="findReceivedByBetweenTime" resultType="com.fina.summer.persistent.ceres.entity.domain.BillInTasksPO">
        SELECT
        t.bis_task_id,t.finish_time,t.seq_no,t.order_id
        FROM
        bill_in_tasks t
        WHERE
        t. STATUS = 'Success'
        AND t.type = 'User'
        AND t.trade_id = #{tradeId}
        AND t.finish_time BETWEEN concat(#{startDate}, ' 00:00:00')
        AND concat(#{endDate}, ' 23:59:59')
        ORDER BY t.finish_time
    </select>
</mapper>