<?xml version="1.0" encoding="UTF-8"?>
<!DOCTYPE mapper PUBLIC "-//mybatis.org//DTD Mapper 3.0//EN" "http://mybatis.org/dtd/mybatis-3-mapper.dtd">
<mapper namespace="com.fina.summer.persistent.ceres.mapper.BillOutPlanMapper">

    <select id= "findByIdAndType" resultType="com.fina.summer.persistent.ceres.entity.vo.TopupPlanAllVO">
        select * from bill_out_plan t
        where t.id in
        <foreach collection="orderIds" open="(" close=")" separator="," item="it">
            #{it}
        </foreach>
        and t.type = #{type}
    </select>

    <select id="findByOrderIdAndTypeList" resultType="com.fina.summer.persistent.ceres.entity.domain.BillOutPlanPO">
        select * from bill_out_plan t
        where t.type in
        <foreach collection="typeList" open="(" close=")" separator="," item="it">
            #{it}
        </foreach>
        and t.order_id = #{orderId}
    </select>

</mapper>