<?xml version="1.0" encoding="UTF-8"?>
<!DOCTYPE mapper PUBLIC "-//mybatis.org//DTD Mapper 3.0//EN" "http://mybatis.org/dtd/mybatis-3-mapper.dtd">
<mapper namespace="com.fina.summer.persistent.ceres.mapper.BillOutTasksMapper">

    <select id = "findByTopUpAll" resultType="com.fina.summer.persistent.ceres.entity.vo.TopupPlanVO">
        SELECT
            t.id,
            t.seq_no,
            t.should_amount,
            t.`STATUS`,
            t.order_id,
            t.finish_time,
            d.area_code,
            t.plan_execute_time,
            d.order_time as order_trade_time,
            d.installment_num  as  period_times,
            (	t.should_amount * d.installment_num) as  shouldAmountAll,
            a.realname AS applicant_name,
            a.mobile AS applicant_mobile,
            GROUP_CONCAT(r.payment_channel) AS trade_installment_type,
            r.payment_channel,
            d.monthly_repayment_amount AS fee_per_month,
            u.realname  as seller_name ,
            s.store_name AS sto_name,
            plan.`name` AS charge_plan_name,
            d.goods_name,
            t.trade_id
        FROM
          bill_out_tasks t
        inner JOIN  summer.loan_order d  ON d.id = t.order_id and d.`status` in ('Payed','PayedWithoutAdvance','ChargeBackFail')
        inner JOIN summer.loan_trade r ON r.order_id = d.id
        left JOIN summer.store s ON s.id = d.store_id
        left JOIN summer.charge_plan plan ON plan.id = d.charge_plan_id
        left JOIN summer.loan_order_applicant a ON a.order_id = d.id
        left join summer.`user_info` u on u.id = d.seller_id
        WHERE
          t.type = 'PhoneBill'
        AND t.plan_execute_time between concat(#{query.startTime}, ' 00:00:00') and concat(#{query.endTime}, ' 23:59:59')
        <if test="query.status != null and query.status != ''">and t.status = #{query.status}</if>
        <if test="query.areaCode != null and query.areaCode != ''">and  d.area_code like concat( #{query.areaCode}, '%') </if>
        <if test="query.store != null and query.store != ''"> and ( s.id = #{query.store} or s.store_name = #{query.store})</if>
        <if test="query.seller != null and query.seller != ''"> and (u.realname like concat('%', #{query.seller}, '%') or u.mobile = #{query.seller})</if>
        <if test="query.payer != null and query.payer != ''"> and (a.realname like concat('%', #{query.payer}, '%') or a.mobile = #{query.payer} or a.idno = #{query.payer})</if>
        group by t.order_id,t.seq_no
        order by t.plan_execute_time asc
        <if test="query.pageSize != '' and query.pageSize != null">
            LIMIT #{query.pageNo},#{query.pageSize}
        </if>
    </select>

    <select id = "findTopUpAreasBy" resultType="com.fina.summer.persistent.ceres.entity.vo.TopupAreaVO">

        select
        <choose>
            <when test="query.areaCode != null and query.areaCode != '' and query.areaCode.length() >=4 ">
                `name` as `name`,
                `code` as `code`,
            </when>
            <when test="query.areaCode != null and query.areaCode != '' and query.areaCode.length() >=2 ">
                city_name as `name`,
                city_code as `code`,
            </when>
            <otherwise>
                province_name as `name`,
                province_code as `code`,
            </otherwise>
        </choose>
        count( t_id ) AS count
        from (
            SELECT
            t.id AS t_id,
            d.area_code AS area_code ,
            ba.`NAME`,
            ba.`CODE`,
            ba.city_name,
            ba.city_code,
            ba.province_name,
            ba.province_code
        FROM
          bill_out_tasks t
        INNER JOIN  summer.loan_order d  ON d.id = t.order_id and d.`status` in ('Payed','PayedWithoutAdvance','ChargeBackFail')
        INNER JOIN summer.loan_trade r ON r.order_id = d.id
        LEFT JOIN summer.store s ON s.id = d.store_id
        LEFT JOIN summer.charge_plan plan ON plan.id = d.charge_plan_id
        LEFT JOIN summer.loan_order_applicant a ON a.order_id = d.id
        LEFT join summer.`user_info` u on u.id = d.seller_id
        LEFT JOIN summer.bis_area ba ON ba.`code` = d.area_code
        WHERE
          t.type = 'PhoneBill'
           AND t.plan_execute_time between concat(#{query.startTime}, ' 00:00:00') and concat(#{query.endTime}, ' 23:59:59')
        <if test="query.status != null and query.status != ''">and t.status = #{query.status}</if>
        <if test="query.areaCode != null and query.areaCode != ''">and  d.area_code like concat( #{query.areaCode}, '%') </if>
        <if test="query.store != null and query.store != ''"> and ( s.id = #{query.store} or s.store_name = #{query.store})</if>
        <if test="query.seller != null and query.seller != ''"> and (u.realname like concat('%', #{query.seller}, '%') or u.mobile = #{query.seller})</if>
        <if test="query.payer != null and query.payer != ''"> and (a.realname like concat('%', #{query.payer}, '%') or a.mobile = #{query.payer} or a.idno = #{query.payer})</if>
            GROUP BY
            t.order_id,
            t.seq_no
        ) as t
        GROUP BY
        province_name
        <choose>
            <when test="query.areaCode != null and query.areaCode != '' and query.areaCode.length() >=4 ">
                ,t.`code`
            </when>
            <when test="query.areaCode != null and query.areaCode != '' and query.areaCode.length() >=2 ">
                ,t.`city_code`
            </when>
            <otherwise>
            </otherwise>
        </choose>
    </select>


    <select id = "findByCount" resultType="Integer">

            SELECT
                count(distinct t.id)
            FROM
            bill_out_tasks t
            inner JOIN  summer.loan_order d  ON d.id = t.order_id and d.`status` in ('Payed','PayedWithoutAdvance','ChargeBackFail')
            inner JOIN summer.loan_trade r ON r.order_id = d.id
            left JOIN summer.store s ON s.id = d.store_id
            left JOIN summer.charge_plan plan ON plan.id = d.charge_plan_id
            left JOIN summer.loan_order_applicant a ON a.order_id = d.id
            left join summer.`user_info` u on u.id = d.seller_id
            WHERE
            t.type = 'PhoneBill'
            AND t.plan_execute_time between concat(#{query.startTime}, ' 00:00:00') and concat(#{query.endTime}, ' 23:59:59')

        <if test="query.status != null and query.status != ''">and t.status = #{query.status}</if>
            <if test="query.areaCode != null and query.areaCode != ''">and  d.area_code like concat( #{query.areaCode}, '%') </if>
            <if test="query.store != null and query.store != ''"> and ( s.id = #{query.store} or s.store_name = #{query.store})</if>
            <if test="query.seller != null and query.seller != ''"> and (u.realname like concat('%', #{query.seller}, '%') or u.mobile = #{query.seller})</if>
            <if test="query.payer != null and query.payer != ''"> and (a.realname like concat('%', #{query.payer}, '%') or a.mobile = #{query.payer} or a.idno = #{query.payer})</if>


    </select>

    <select id = "findByRedEnvelopesAll" resultType="com.fina.summer.persistent.ceres.entity.vo.RedEnvelopesPlanVO">
        SELECT
                t.id,
                ba.province_name AS sto_province_name,
                ba.city_name AS sto_city_name,
                s.store_name AS sto_name,
                m.mer_name AS mer_name,
                u.`realname` AS seller_name,
                t.order_id,
                p.period_times AS ord_installment_num,
                t.total_amount AS shouldAmount,
                t.`STATUS`,
                t.payee_account AS openId
            FROM
              bill_out_tasks t
            INNER JOIN summer.loan_order d ON d.id = t.order_id
            LEFT JOIN bill_out_plan p ON p.id = t.bis_task_id
            LEFT JOIN summer.store s ON s.id = d.store_id
            LEFT JOIN summer.`user_info` u ON u.id = d.seller_id
            LEFT JOIN summer.bis_area ba ON ba.`code` = s.area_code
            LEFT JOIN summer.merchant m ON m.id = d.mer_id
        WHERE
            t.type = 'Reward'
            and t.plan_execute_time between concat(#{query.startTime}, ' 00:00:00') and concat(#{query.endTime}, ' 23:59:59')
        <if test="query.status != null and query.status != ''">and t.status = #{query.status}</if>
        <if test="query.id != null and query.id != ''">and t.order_id = #{query.id}</if>
        <if test="query.seller != null and query.seller != ''"> and (u.`realname` like concat('%', #{query.seller}, '%') or u.mobile = #{query.seller})</if>
        order by t.plan_execute_time asc
        <if test="query.pageSize != '' and query.pageSize != null">
            LIMIT #{query.pageNo},#{query.pageSize}
        </if>
    </select>

    <select id = "findByByRedEnvelopesCount" resultType="Integer">
        SELECT
          count(t.id)
        FROM
          bill_out_tasks t
        INNER JOIN summer.loan_order d ON d.id = t.order_id
        LEFT JOIN bill_out_plan p ON p.id = t.bis_task_id
        LEFT JOIN summer.store s ON s.id = d.store_id
        LEFT JOIN summer.`user_info` u ON u.id = d.seller_id
        LEFT JOIN summer.bis_area ba ON ba.`code` = s.area_code
        LEFT JOIN summer.merchant m ON m.id = d.mer_id
        WHERE
        t.type = 'Reward'
        and
        t.plan_execute_time between concat(#{query.startTime}, ' 00:00:00') and concat(#{query.endTime}, ' 23:59:59')
        <if test="query.status != null and query.status != ''">and t.status = #{query.status}</if>
        <if test="query.id != null and query.id != ''">and t.status = #{query.id}</if>
        <if test="query.seller != null and query.seller != ''"> and (u.`realname` like concat('%', #{query.seller}, '%') or u.mobile = #{query.seller})</if>
    </select>

    <select id = "findByOpenId" resultType="com.fina.summer.persistent.ceres.entity.domain.BillOutTasksPO">
        SELECT
            *
        FROM
            bill_out_tasks t
        WHERE
            t.id = #{id}
        and t.type = 'Reward'
        and t.status != 'Doing'

    </select>
    <sql id="query_field">
        FROM
        bill_out_tasks t left join bill_out_plan p on t.bis_task_id=p.id
        <where>
       <if test="query.startTime != null and query.startTime != ''">
          plan_execute_time between concat(#{query.startTime}, ' 00:00:00') and concat(#{query.endTime}, ' 23:59:59')
        </if>
        <if test="query.status =='withoutPay'">and t.status in ('Ready','Doing','Fail')</if>
        <if test="query.status =='payed'">and t.status ='Success'</if>
        <if test="query.fundChannel != null and query.fundChannel != ''">and t.fund_channel = #{query.fundChannel}</if>
        and t.type='Merchant' and t.audit='0'
        </where>
    </sql>

    <select id = "findByTimeOrFundChannelOrStatusAndType" resultType="com.fina.summer.persistent.ceres.entity.vo.AccountPayableVO">
        SELECT
        t.id 'outTaskId',
        t.trade_id,
        t.should_amount,
        t.plan_execute_time,
        t.payee,
        t.payee_account,
        t.payee_bank,
        t.payer,
        t.pay_account,
        t.pay_bank,
        t.total_amount,
        t.STATUS,
        t.order_id,
        t.fund_channel,
        t.plan_execute_time,
        p.order_trade_time,
        p.mer_id,
        t.message,
        t.modify_by,
        t.third_order_id,
        t.finish_time
        <include refid="query_field"></include>
        order by p.order_trade_time desc
        <if test="query.rows != null and query.rows != ''">
            LIMIT #{query.page},#{query.rows}
        </if>
    </select>

    <select id = "getCount" resultType="Integer">
        SELECT
       count(*)
        <include refid="query_field"></include>
    </select>

    <select id = "findByMobile" resultType="com.fina.summer.persistent.ceres.entity.domain.BillOutTasksPO">
        SELECT
            *
        FROM
            bill_out_tasks t
        WHERE
            t.id = #{id}
        and t.type in ('PhoneBill','PhoneBillNoAmount')
        and t.status != 'Doing'

    </select>

    <select id = "findInOrders" resultType="com.fina.summer.persistent.ceres.entity.domain.BillOutTasksPO">
        SELECT
            *
        FROM
            bill_out_tasks t
        WHERE
            t.order_id in
        <foreach collection="orderIds" item="id" index="index" open="(" close=")" separator=",">
        #{id}
        </foreach>
        and t.type = 'Merchant'
    </select>

    <select id = "findByOrderIdAndType" resultType="com.fina.summer.persistent.ceres.entity.domain.BillOutTasksPO">
        SELECT
            *
        FROM
            bill_out_tasks t
        WHERE
            t.order_id =#{orderId}
        and t.type = 'Merchant'
    </select>

    <select id="findFirstOverdueSeqnoList" resultType="com.fina.summer.persistent.ceres.entity.vo.FirstOverdueSeqnoVo">
        SELECT
        a.bis_task_id,
        a.seq_no
        FROM
        (
        SELECT
        *
        FROM
        bill_out_tasks
        WHERE
        overdue_days > 0
        AND finish_time IS NULL
        AND type = 'Zyxf'
        ORDER BY
        seq_no DESC
        ) a
        GROUP BY
        a.bis_task_id
    </select>

    <select id="findOverdueDataByPage" resultType="com.fina.summer.persistent.ceres.entity.domain.BillOutTasksPO">
        SELECT
        *
        FROM
        bill_out_tasks t
        WHERE
        overdue_days > 0
        AND finish_time IS NULL
        AND type = 'Zyxf'
        AND penalty_status = 0
        AND status in ('Ready','Doing','Fail')
        AND (order_id <![CDATA[ > ]]> #{maxOrderId})
        order by order_id ASC
        LIMIT 0,
        #{pageSize}


    </select>
    <update id="batchUpdateOverdueAmount" parameterType="java.util.List">
        update bill_out_tasks set updated_time = NOW(),
        penalty = CASE
        <foreach collection="updateBillOutTaskList" item="updateBillOutTask" index="index">
            when id=#{updateBillOutTask.id} then #{updateBillOutTask.penalty}
        </foreach>
        END,
        total_amount = CASE
        <foreach collection="updateBillOutTaskList" item="updateBillOutTask" index="index">
            when id=#{updateBillOutTask.id} then #{updateBillOutTask.totalAmount}
        </foreach>
        END,
        penalty_status = CASE
        <foreach collection="updateBillOutTaskList" item="updateBillOutTask" index="index">
            when id=#{updateBillOutTask.id} then #{updateBillOutTask.penaltyStatus}
        </foreach>
        END
        where id in
        <foreach collection="updateBillOutTaskList" item="updateBillOutTask" index="index"
                 separator="," open="(" close=")">
            #{updateBillOutTask.id}
        </foreach>
    </update>

    <select id="findRecordByOrderIdAndSeqNoAndType" resultType="com.fina.summer.persistent.ceres.entity.domain.BillOutTasksPO">
        SELECT
        *
        FROM
        bill_out_tasks t
        WHERE
        t.order_id =#{orderId}
        and t.type = #{type}
        and t.seq_no= #{seqNo}
        and t.status <![CDATA[ <> ]]> 'Cancel'
    </select>

    <update id="updateStatusById" parameterType="String">
        update bill_out_tasks  set status = #{status} where id = #{id}
    </update>

    <select id="findRechargeListByItem" resultType="com.fina.summer.persistent.ceres.entity.domain.BillOutTasksPO">
        SELECT
        id
        FROM
        bill_out_tasks
        WHERE
        status in ('Ready','Fail')
        and type = #{type}
        and plan_execute_time between #{startDate} and #{endDate}
    </select>

    <update id="updateOverdueDays">
        UPDATE bill_out_tasks
        SET overdue_days = datediff(now(), plan_execute_time)
        WHERE
        finish_time IS NULL
        AND type = 'Zyxf'
        AND datediff(now(), plan_execute_time) > 0
    </update>
</mapper>