<?xml version="1.0" encoding="UTF-8"?>
<!DOCTYPE mapper PUBLIC "-//mybatis.org//DTD Mapper 3.0//EN" "http://mybatis.org/dtd/mybatis-3-mapper.dtd">
<mapper namespace="com.fina.summer.persistent.ceres.mapper.BillRepayPlanMapper">

    <select id="findByPayerAndPayAccountAndType" resultType="String">
        select id from  bill_repay_plan
        <where>
            <if test="query.name != null and query.name != ''">
                 payer= #{query.name}
            </if>
          and type = "User"
            <if test="query.account != null and query.account != ''">
                AND pay_account= #{query.account}
            </if>
            <if test="query.orderId != null and query.orderId != ''">
                AND order_id= #{query.orderId}
            </if>
        </where>
</select>

    <select id="findByOrderIdAndTypeList" resultType="com.fina.summer.persistent.ceres.entity.domain.BillRepayPlanPO">
        select * from bill_repay_plan t
        where t.type in
        <foreach collection="typeList" open="(" close=")" separator="," item="it">
            #{it}
        </foreach>
        and t.order_id = #{orderId}
    </select>
</mapper>