<?xml version="1.0" encoding="UTF-8"?>
<!DOCTYPE mapper PUBLIC "-//mybatis.org//DTD Mapper 3.0//EN" "http://mybatis.org/dtd/mybatis-3-mapper.dtd">
<mapper namespace="com.fina.summer.persistent.ceres.mapper.RedEnvelopesMapper">
    <select id = "findByRed" resultType="Integer">
        select
          count(*)
        from bill_out_tasks t
        where
            t.type = 'Reward'
        and
            t.plan_execute_time between concat(#{query.startTime}, ' 00:00:00') and concat(#{query.endTime}, ' 23:59:59')
    </select>

    <select id = "findByShouldAmount" resultType="Integer">
        select
        sum(t.total_amount )
        from bill_out_tasks t
        where
        t.type = 'Reward'
        and
        t.plan_execute_time between concat(#{query.startTime}, ' 00:00:00') and concat(#{query.endTime}, ' 23:59:59')
    </select>

    <select id = "findByRedNum" resultType="Integer">
        select
        count(*)
        from bill_out_tasks t
        where
        t.type = 'Reward'
        and
        t.plan_execute_time between concat(#{query.startTime}, ' 00:00:00') and concat(#{query.endTime}, ' 23:59:59')
        and t.status = #{type}
    </select>

    <select id = "findByRedShouldAmount" resultType="Integer">
        select
        sum(t.total_amount )
        from bill_out_tasks t
        where
        t.type = 'Reward'
        and
        t.plan_execute_time between concat(#{query.startTime}, ' 00:00:00') and concat(#{query.endTime}, ' 23:59:59')
        and t.status = #{type}
    </select>

</mapper>