<?xml version="1.0" encoding="UTF-8"?>
<!DOCTYPE mapper PUBLIC "-//mybatis.org//DTD Mapper 3.0//EN" "http://mybatis.org/dtd/mybatis-3-mapper.dtd">
<mapper namespace="com.fina.summer.persistent.ceres.mapper.SmsNotificationMapper">

    <!--正常提醒：查询字段信息-->
    <select id="findInfoAboutSendSms" resultType="com.fina.summer.persistent.ceres.entity.vo.SmsVO">
        SELECT
          DISTINCT
            a.mobile,
            o.created_time,
            s.store_name,
            c.`name`,
            b.should_amount,
            b.plan_execute_time,
            b.pay_account
        FROM
            ceres.bill_in_tasks b
            LEFT JOIN summer.loan_order o ON o.id=b.order_id
            LEFT JOIN summer.loan_order_applicant a ON o.id = a.order_id
            LEFT JOIN summer.store s ON o.store_id = s.id
            LEFT JOIN summer.charge_plan c ON o.charge_plan_id=c.id
         WHERE
             b.type='user'
          AND
             b.status regexp 'Ready|Fail'
          AND
             b.plan_execute_time
            BETWEEN
                date_add(date(now()),interval 1 day)
            AND
                date_add(date(now()),interval 2 day)
        and not exists(
        select 1 from ceres.bill_in_tasks b2 where b2.overdue_days>0 and b2.status &lt;&gt; 'Success' and b.order_id = b2.order_id
        )
    </select>

    <!--（回扣）信息-->
    <select id="findInfoSendSmsByTaskId" resultType="com.fina.summer.persistent.ceres.entity.vo.SmsVO">
     SELECT
         a.mobile,
         o.created_time,
         s.store_name,
         c.`name`,
         b.should_amount,
         b.plan_execute_time,
         b.pay_account
      FROM
         ceres.bill_in_tasks b
	   LEFT JOIN summer.loan_order o ON o.id=b.order_id
	   LEFT JOIN summer.loan_order_applicant a ON o.id = a.order_id
       LEFT JOIN summer.store s ON o.store_id = s.id
       LEFT JOIN summer.charge_plan c ON o.charge_plan_id=c.id
     WHERE
              b.id=#{id}

 </select>

    <!--逾期-->
    <select id="findInfoSendMultiphaseSms" resultType="com.fina.summer.persistent.ceres.entity.vo.MultiSms">
        SELECT
            a.mobile,
            b.order_id,
            o.created_time,
            s.store_name,
            c.`name`,
            sum(b.penalty) as penalty ,
            sum(b.should_amount) as should_amount,
            max(b.overdue_days) as overdue_days,
            b.pay_account
        FROM
            summer.loan_order_applicant a
                LEFT JOIN summer.loan_order o ON o.id=a.order_id
                LEFT JOIN ceres.bill_in_tasks b ON o.id = b.order_id
                LEFT JOIN summer.store s ON o.store_id = s.id
                LEFT JOIN summer.charge_plan c ON o.charge_plan_id=c.id
        WHERE
             b.type='user'
          AND
             b.status ='Fail'
          AND
             b.overdue_days>0
          GROUP BY
             b.order_id
    </select>

    <!--短信结果记录save+update-->
    <insert id="insertSendSms" parameterType="java.util.List">
        INSERT INTO
            result_send_sms
            (id,mobile,out_msg_id,status,msg,created_time)
        VALUES
           <foreach collection="list" item="item" separator=",">
            (#{item.id},#{item.mobile},#{item.outMsgId},#{item.status},#{item.msg},#{item.createdTime})
             </foreach>
    </insert>

    <update id="updateStatus" parameterType="java.lang.String">
         UPDATE result_send_sms
         SET  status=#{status}
         WHERE
           mobile=#{mobile}
         AND
           out_msg_id=#{outMsgId}

    </update>

    <!--代扣代缴（不兜底）-->
    <select id="findInfoSendWithholding"  resultType="com.fina.summer.persistent.ceres.entity.vo.WithholdingSms">
       SELECT
            a.mobile,
            o.created_time,
            s.store_name,
            c.`name`,
            b.should_amount,
            b.pay_account,
            b.status
        FROM
            ceres.bill_in_tasks b
            LEFT JOIN summer.loan_order o ON o.id=b.order_id
            LEFT JOIN summer.loan_order_applicant a ON o.id = a.order_id
            LEFT JOIN summer.store s ON o.store_id = s.id
            LEFT JOIN summer.charge_plan c ON o.charge_plan_id=c.id
         WHERE
             b.type='PhoneBillNoAmount'
         AND
            b.pay_type='Debit'
        AND b.status &lt;&gt; 'Cancel'
    </select>
</mapper>