<?xml version="1.0" encoding="UTF-8"?>
<!DOCTYPE mapper PUBLIC "-//mybatis.org//DTD Mapper 3.0//EN" "http://mybatis.org/dtd/mybatis-3-mapper.dtd">
<mapper namespace="com.fina.summer.persistent.artemis.mapper.ManagerMenuMapper">

    <sql id="query_field">
        `id`, `parent_id`, `name`,`url`, `created_time`, `updated_time`
    </sql>

    <select id="getUrlsByUserId" resultType="java.lang.String">
        select m.url
        from manager_role_menu r_m
        left join manager_menu m on m.id = r_m.menu_id
        left join manager_user_role u_r on u_r.role_id = r_m.role_id
        where u_r.user_id = #{userId}
        group by m.url
    </select>

    <select id="getFirstLvMenusByUserId" resultType="com.fina.summer.persistent.artemis.entity.vo.ManagerMenuVO">
        select m.id, m.name, m.url, m.typeName, m.delimiter
        from manager_role_menu r_m
        left join (
        select m.id, m.name, m.url, m_t.name as typeName, m.parent_id, m_t.delimiter as delimiter
        from manager_menu m
        left join manager_menu_type m_t on m.type_id = m_t.id
        ) m on m.id = r_m.menu_id
        left join manager_user_role u_r on u_r.role_id = r_m.role_id
        where u_r.user_id = #{userId} and m.parent_id = 0
        group by m.id
    </select>

    <select id="listByParentUrlAndUserId" resultType="com.fina.summer.persistent.artemis.entity.vo.ManagerMenuVO">
        select m.id, m.name, m.url, m.typeName, m.delimiter
        from manager_role_menu r_m
        left join (
        select m.id, m.name, m.url, m_t.name as typeName, m_t.delimiter as delimiter
        from manager_menu m
        left join manager_menu_type m_t on m.type_id = m_t.id
        ) m on m.id = r_m.menu_id
        left join manager_user_role u_r on u_r.role_id = r_m.role_id
        where u_r.user_id = #{userId}
        and m.url like concat(#{parentUrl}, '%') and m.url != #{parentUrl}
        group by m.id
    </select>

</mapper>