<?xml version="1.0" encoding="UTF-8"?>
<!DOCTYPE mapper PUBLIC "-//mybatis.org//DTD Mapper 3.0//EN" "http://mybatis.org/dtd/mybatis-3-mapper.dtd">
<mapper namespace="com.fina.summer.persistent.mapper.loan.LoanMapper">
    <select id="findInnerOrder" resultType="com.fina.summer.persistent.bean.loan.LoanOrder">
        SELECT
        l_o.id 'order_id',
        b_a.province_name ,
        b_a.city_name,
        b_a.name 'area_name',
        m.mer_name,
        s.store_name,
        u_i.realname 'sell_name',
        u_i.mobile 'sell_mobile',
        l_o.actual_payment,
        g.name 'goods_name',
        l_o_a.realname ,
        l_o.status,
        l_o.created_time 'orderCreatedTime',
        c_p.name 'plan_name',
        s.id 'store_id',
        s.address 'store_address',
        l_o_a.mobile 'applicant_mobile',
        l_o_a.idno,
        s.organization_code,
        l_o.telecom_agreement_validity,
        l_o.telecom_agreement_no,
        l_o.telecom_agreement_status
        FROM
        loan_order l_o
        LEFT JOIN bis_area b_a ON l_o.area_code=b_a.code
        LEFT JOIN merchant m ON l_o.mer_id=m.id
        LEFT JOIN store s ON l_o.store_id=s.id
        LEFT JOIN user_info u_i ON l_o.seller_id=u_i.id
        LEFT JOIN goods g ON l_o.goods_id=g.id
        LEFT JOIN loan_order_applicant l_o_a ON l_o.id = l_o_a.order_id
        LEFT JOIN charge_plan c_p ON l_o.charge_plan_id=c_p.id
        <where>
            l_o.created_time between concat(#{query.startTime}, ' 00:00:00') and concat(#{query.endTime}, ' 23:59:59')
            <if test="query.status == 'success'">
                AND l_o.status in ('Payed','PayedWithoutAdvance')
            </if>
            <if test="query.status == 'cancel'">
                AND l_o.status in ('Cancel')
            </if>
            <if test="query.status == 'refund'">
                AND l_o.status in ('ChargeBacked','ChargeBacking','ChargeBackAuditing','ChargeBackFail')
            </if>
            <if test="query.status == 'refundReview'">
                AND l_o.status in ('ChargeBackAuditing')
            </if>
            <if test="query.telecomAgreementNo != null and query.telecomAgreementNo != ''">
                and (telecom_agreement_no IS NULL OR LENGTH(telecom_agreement_no) = 0)
            </if>
            <if test="query.province != null and query.province != ''">
                AND b_a.province_name = #{query.province}
            </if>
            <if test="query.city != null and query.city != ''">
                AND b_a.city_name = #{query.city}
            </if>
            <if test="query.district != null and query.district != ''">
                and b_a.name = #{query.district}
            </if>
            <if test="query.orderId != null and query.orderId != ''">
                AND l_o.id = #{query.orderId}
            </if>

            <if test="query.userMessage != null and query.userMessage != ''">
                AND (l_o_a.realname= #{query.userMessage} or l_o_a.mobile= #{query.userMessage} or l_o_a.idno= #{query.userMessage})
            </if>
        </where>
        order by l_o.created_time desc
        <if test="query.rows != null and query.rows != ''">
            LIMIT #{query.page},#{query.rows}
        </if>
    </select>
    <select id="down" resultType="com.fina.summer.persistent.bean.loan.LoanOrder">
        select
        l_t.id trade_id,
        l_t.payment_channel,
        l_t.payer_logon_account,
        l_t.status tradeStatus,
        l_t.created_time tradeCreatedTime,
         t.*
        from loan_trade l_t right join (
        SELECT
        l_o.id 'order_id',
        b_a.province_name ,
        b_a.city_name,
        b_a.name 'area_name',
        m.mer_name,
        s.store_name,
        u_i.realname 'sell_name',
        u_i.mobile 'sell_mobile',
        l_o.actual_payment,
        g.name 'goods_name',
        l_o_a.realname ,
        l_o.status,
        l_o.created_time 'orderCreatedTime',
        c_p.name 'plan_name',
        s.id 'store_id',
        s.address 'store_address',
        l_o_a.mobile 'applicant_mobile',
        l_o_a.idno,
        s.organization_code,
        l_o.telecom_agreement_validity,
        l_o.telecom_agreement_no,
        l_o.telecom_agreement_status
        FROM
        loan_order l_o
        LEFT JOIN bis_area b_a ON l_o.area_code=b_a.code
        LEFT JOIN merchant m ON l_o.mer_id=m.id
        LEFT JOIN store s ON l_o.store_id=s.id
        LEFT JOIN user_info u_i ON l_o.seller_id=u_i.id
        LEFT JOIN goods g ON l_o.goods_id=g.id
        LEFT JOIN loan_order_applicant l_o_a ON l_o.id = l_o_a.order_id
        LEFT JOIN charge_plan c_p ON l_o.charge_plan_id=c_p.id
        <where>
            l_o.created_time between concat(#{query.startTime}, ' 00:00:00') and concat(#{query.endTime}, ' 23:59:59')
            <if test="query.status == 'success'">
                AND l_o.status in ('Payed','PayedWithoutAdvance')
            </if>
            <if test="query.status == 'cancel'">
                AND l_o.status in ('Cancel')
            </if>
            <if test="query.status == 'refund'">
                AND l_o.status in ('ChargeBacked','ChargeBacking','ChargeBackAuditing','ChargeBackFail')
            </if>
            <if test="query.status == 'refundReview'">
                AND l_o.status in ('ChargeBackAuditing')
            </if>
            <if test="query.telecomAgreementNo != null and query.telecomAgreementNo != ''">
                and (telecom_agreement_no IS NULL OR LENGTH(telecom_agreement_no) = 0)
            </if>
            <if test="query.province != null and query.province != ''">
                AND b_a.province_name = #{query.province}
            </if>
            <if test="query.city != null and query.city != ''">
                AND b_a.city_name = #{query.city}
            </if>
            <if test="query.district != null and query.district != ''">
                and b_a.name = #{query.district}
            </if>
            <if test="query.orderId != null and query.orderId != ''">
                AND l_o.id = #{query.orderId}
            </if>
            <if test="query.userMessage != null and query.userMessage != ''">
                AND (l_o_a.realname= #{query.userMessage} or l_o_a.mobile= #{query.userMessage} or l_o_a.idno=
                #{query.userMessage})
            </if>
        </where>) t on l_t.order_id=t.order_id
        order by t.orderCreatedTime desc
    </select>
    <select id="detail" resultType="com.fina.summer.persistent.bean.loan.LoanOrder">
        SELECT
        payment_channel,
        payer_logon_account,
        id trade_id,
        status tradeStatus,
        created_time 'tradeCreatedTime'
        FROM
        loan_trade
        where order_id=#{orderId}
        order by created_time desc
    </select>
    <update id="contractSupplement" parameterType="String">
        update loan_order set telecom_agreement_no = #{telecomAgreementNo},telecom_agreement_pic=#{telecomAgreementPic},telecom_agreement_validity=true where id = #{orderId}
    </update>
    <update id="statusChange" parameterType="String">
        update loan_order set status = "ChargeBackAuditing" where id = #{orderId}
    </update>
    <select id="getTotalNum" resultType="Integer">
        SELECT
        count(*)
        FROM
        loan_order
        LEFT JOIN bis_area ON loan_order.area_code=bis_area.`code`
        LEFT JOIN merchant ON loan_order.mer_id=merchant.id
        LEFT JOIN store ON loan_order.store_id=store.id
        LEFT JOIN user_info ON loan_order.seller_id=user_info.id
        LEFT JOIN goods ON loan_order.goods_id=goods.id
        LEFT JOIN loan_order_applicant ON loan_order.id = loan_order_applicant.order_id
        LEFT JOIN charge_plan ON loan_order.charge_plan_id=charge_plan.id
        LEFT JOIN loan_trade ON loan_order.id=loan_trade.order_id
        <where>
            loan_order.created_time between concat(#{query.startTime}, ' 00:00:00') and concat(#{query.endTime}, ' 23:59:59')

            <if test="query.status == 'success'">
                AND loan_order.status in ('Payed','PayedWithoutAdvance')
            </if>
            <if test="query.status == 'cancel'">
                AND loan_order.status in ('Cancel')
            </if>
            <if test="query.status == 'refund'">
                AND loan_order.status in ('ChargeBacked','ChargeBacking','ChargeBackAuditing','ChargeBackFail')
            </if>
            <if test="query.status == 'refundReview'">
                AND loan_order.status in ('ChargeBackAuditing')
            </if>
            <if test="query.telecomAgreementNo != null and query.telecomAgreementNo != ''">
                and (telecom_agreement_no IS NULL OR LENGTH(telecom_agreement_no) = 0)
            </if>
            <if test="query.province != null and query.province != ''">
                AND bis_area.province_name = #{query.province}
            </if>
            <if test="query.city != null and query.city != ''">
                AND bis_area.city_name = #{query.city}
            </if>
            <if test="query.district != null and query.district != ''">
                and bis_area.name = #{query.district}
            </if>
            <if test="query.orderId != null and query.orderId != ''">
                AND loan_order.id = #{query.orderId}
            </if>
            <if test="query.tradeId != null and query.tradeId != ''">
                AND loan_trade.id= #{query.tradeId}
            </if>
            <if test="query.userMessage != null and query.userMessage != ''">
                AND (loan_order_applicant.realname= #{query.userMessage} or loan_order_applicant.mobile= #{query.userMessage} or loan_order_applicant.idno= #{query.userMessage})            </if>
        </where>
        group by loan_order.id
    </select>
    <select id="judgePaymentChannel" resultType="Integer">
        SELECT
        COUNT(*)
        FROM
            loan_trade
        WHERE
            order_id = #{orderId} AND payment_channel !='ZxPay'
    </select>
    <select id="areaDisplayPro" resultType="com.fina.summer.persistent.bean.Area">
        SELECT
        DISTINCT bis_area.province_name
        FROM
            loan_order
        LEFT JOIN bis_area ON loan_order.area_code = bis_area. CODE
        LEFT JOIN loan_order_applicant ON loan_order.id = loan_order_applicant.order_id
        <where>
                loan_order.created_time between concat(#{query.startTime}, ' 00:00:00') and concat(#{query.endTime}, ' 23:59:59')
                <if test="query.status == 'success'">
                    AND loan_order.status in ('Payed','PayedWithoutAdvance')
                </if>
                <if test="query.status == 'cancel'">
                    AND loan_order.status in ('Cancel')
                </if>
                <if test="query.status == 'refund'">
                    AND loan_order.status in ('ChargeBacked','ChargeBacking','ChargeBackAuditing','ChargeBackFail')
                </if>
                <if test="query.status == 'refundReview'">
                    AND loan_order.status in ('ChargeBackAuditing')
                </if>
                <if test="query.telecomAgreementNo != null and query.telecomAgreementNo != ''">
                    and (telecom_agreement_no IS NULL OR LENGTH(telecom_agreement_no) = 0)
                </if>
                <if test="query.userMessage != null and query.userMessage != ''">
                    AND (loan_order_applicant.realname= #{query.userMessage} or loan_order_applicant.mobile= #{query.userMessage} or loan_order_applicant.idno= #{query.userMessage})
                </if>
            </where>
    </select>
    <select id="areaDisplayCity" resultType="com.fina.summer.persistent.bean.Area">
        SELECT
        DISTINCT bis_area.province_name,
        bis_area.city_name
        FROM
        loan_order
        LEFT JOIN bis_area ON loan_order.area_code = bis_area. CODE
        LEFT JOIN loan_order_applicant ON loan_order.id = loan_order_applicant.order_id
        <where>
            loan_order.created_time between concat(#{query.startTime}, ' 00:00:00') and concat(#{query.endTime}, ' 23:59:59')
            <if test="query.status == 'success'">
                AND loan_order.status in ('Payed','PayedWithoutAdvance')
            </if>
            <if test="query.status == 'cancel'">
                AND loan_order.status in ('Cancel')
            </if>
            <if test="query.status == 'refund'">
                AND loan_order.status in ('ChargeBacked','ChargeBacking','ChargeBackAuditing','ChargeBackFail')
            </if>
            <if test="query.status == 'refundReview'">
                AND loan_order.status in ('ChargeBackAuditing')
            </if>
            <if test="query.telecomAgreementNo != null and query.telecomAgreementNo != ''">
                and (telecom_agreement_no IS NULL OR LENGTH(telecom_agreement_no) = 0)
            </if>
            <if test="query.userMessage != null and query.userMessage != ''">
                AND (loan_order_applicant.realname= #{query.userMessage} or loan_order_applicant.mobile= #{query.userMessage} or loan_order_applicant.idno= #{query.userMessage})
            </if>
            and bis_area.province_name=#{query.province}
        </where>
    </select>
    <select id="areaDisplayArea" resultType="com.fina.summer.persistent.bean.Area">
        SELECT
        DISTINCT bis_area.province_name,
        bis_area.city_name,
        bis_area.name
        FROM
        loan_order
        LEFT JOIN bis_area ON loan_order.area_code = bis_area. CODE
        LEFT JOIN loan_order_applicant ON loan_order.id = loan_order_applicant.order_id
        <where>
            loan_order.created_time between concat(#{query.startTime}, ' 00:00:00') and concat(#{query.endTime}, ' 23:59:59')
            <if test="query.status == 'success'">
                AND loan_order.status in ('Payed','PayedWithoutAdvance')
            </if>
            <if test="query.status == 'cancel'">
                AND loan_order.status in ('Cancel')
            </if>
            <if test="query.status == 'refund'">
                AND loan_order.status in ('ChargeBacked','ChargeBacking','ChargeBackAuditing','ChargeBackFail')
            </if>
            <if test="query.status == 'refundReview'">
                AND loan_order.status in ('ChargeBackAuditing')
            </if>
            <if test="query.telecomAgreementNo != null and query.telecomAgreementNo != ''">
                and (telecom_agreement_no IS NULL OR LENGTH(telecom_agreement_no) = 0)
            </if>
            <if test="query.userMessage != null and query.userMessage != ''">
                AND (loan_order_applicant.realname= #{query.userMessage} or loan_order_applicant.mobile= #{query.userMessage} or loan_order_applicant.idno= #{query.userMessage})
            </if>
            and bis_area.city_name=#{query.city}
        </where>
    </select>
</mapper>