<?xml version="1.0" encoding="UTF-8"?>
<configuration debug="false">
    <!--<appender name="console" class="ch.qos.logback.core.ConsoleAppender">-->
    <!--<filter class="ch.qos.logback.classic.filter.ThresholdFilter">-->
    <!--<level>debug</level>-->
    <!--</filter>-->
    <!--<encoder>-->
    <!--<pattern>%d{HH:mm:ss.SSS} %contextName [%thread] %-5level %logger{36} - %msg%n</pattern>-->
    <!--</encoder>-->
    <!--</appender>-->

    <include resource="org/springframework/boot/logging/logback/defaults.xml"/>

    <appender name="console" class="ch.qos.logback.core.ConsoleAppender">
        <filter class="ch.qos.logback.classic.filter.ThresholdFilter">
            <level>debug</level>
        </filter>
        <encoder>
            <pattern>%d{yyyy-MM-dd HH:mm:ss.SSS} %contextName [%thread] %-5level %logger{36}:%line - %msg%n</pattern>
        </encoder>
    </appender>

    <root level="INFO">
        <!--        <appender-ref ref="FILE"/>-->
        <appender-ref ref="console"/>
    </root>

    <logger name="com.fina" level="debug"/>
    <logger name="org.hibernate.type.descriptor.sql.BasicBinder" level="trace"/>
</configuration>
